City,Cloudiness,Country,Date,Humidity,Lat,Lng,Max Temp,Wind Speed
Bredasdorp,0,ZA,1615070464,77,-34.5322,20.0403,64.4,8.05
Ponta do Sol,40,PT,1615070490,67,32.6667,-17.1,60.8,19.57
Avarua,75,CK,1615070468,78,-21.2078,-159.775,80.6,8.05
Jamestown,90,US,1615070470,95,42.097,-79.2353,26.01,9.89
Moberly,1,US,1615070710,33,39.4184,-92.4382,60.8,6.35
Saint-Philippe,75,RE,1615070468,83,-21.3585,55.7679,77.0,3.44
Arraial do Cabo,100,BR,1615070467,88,-22.9661,-42.0278,75.34,9.82
Ilulissat,90,GL,1615070497,86,69.2167,-51.1,21.2,2.42
Nishihara,90,JP,1615070479,78,26.1842,127.7558,69.8,13.8
Kyra,13,RU,1615070710,87,49.5776,111.9753,6.3,2.84
Mazyr,0,BY,1615070710,87,52.0495,29.2456,27.32,12.57
Castro,6,BR,1615070465,92,-24.7911,-50.0119,63.25,1.25
Vaini,75,TO,1615070465,74,-21.2,-175.2,87.8,14.97
Torbay,40,CA,1615070476,74,47.6666,-52.7314,30.0,11.5
Albany,99,US,1615070463,46,42.6001,-73.9662,25.0,8.5
Kohat,75,PK,1615070645,63,33.582,71.4493,64.4,11.5
Bireun,88,ID,1615070371,74,5.203,96.7009,77.31,4.05
Hobart,0,AU,1615070463,71,-42.8794,147.3294,61.0,8.05
Nago,90,JP,1615070711,94,26.5881,127.9761,69.8,10.36
Mahébourg,75,MU,1615070481,78,-20.4081,57.7,80.6,11.5
Hobyo,28,SO,1615070360,78,5.3505,48.5268,76.75,16.46
Langsa,75,ID,1615070706,87,4.4683,97.9683,73.58,2.17
New Norfolk,64,AU,1615070471,64,-42.7826,147.0587,61.0,4.0
Tiarei,75,PF,1615070494,66,-17.5333,-149.3333,87.01,4.61
Poli,23,TZ,1615070711,69,-3.3333,36.8,62.74,3.65
Hualmay,52,PE,1615070580,74,-11.0964,-77.6139,74.75,10.85
Saskylakh,94,RU,1615070471,85,71.9167,114.0833,-24.07,6.8
George Town,20,MY,1615070473,88,5.4112,100.3354,78.01,2.3
Tenabo,75,MX,1615070711,78,20.05,-90.2333,78.8,17.27
Busselton,24,AU,1615070464,93,-33.65,115.3333,64.0,1.99
Brae,75,GB,1615070712,81,60.3964,-1.353,44.6,11.5
Ushuaia,40,AR,1615070386,54,-54.8,-68.3,51.8,4.61
Atar,12,MR,1615070598,35,20.5169,-13.0499,69.82,11.97
Phan Thiet,46,VN,1615070712,85,10.9333,108.1,69.71,8.1
Okhotsk,0,RU,1615070210,79,59.3833,143.3,-17.7,16.33
Rikitea,12,PF,1615070465,80,-23.1203,-134.9692,80.19,13.33
Kahului,40,US,1615070269,54,20.8947,-156.47,80.6,19.57
Tasiilaq,90,GL,1615070472,86,65.6145,-37.6368,24.8,14.97
San Quintín,0,MX,1615070200,64,30.4833,-115.95,62.42,20.54
Kenai,90,US,1615070712,64,60.5544,-151.2583,30.99,6.91
Doha,0,QA,1615070403,59,25.2867,51.5333,64.4,10.36
Tsabong,36,BW,1615070523,22,-26.0217,22.401,76.12,4.72
Talā,0,EG,1615070712,91,30.6803,30.9429,47.95,5.12
Atuona,12,PF,1615070462,78,-9.8,-139.0333,79.48,15.35
Baykit,100,RU,1615070371,94,61.67,96.37,16.83,3.69
Labuhan,98,ID,1615070566,84,-6.8844,112.2051,77.05,5.97
Karoi,81,ZW,1615070713,95,-16.8099,29.6925,61.9,4.34
Beringovskiy,70,RU,1615070604,87,63.05,179.3167,-16.42,8.68
Hong Kong,41,HK,1615070467,91,22.2855,114.1577,69.01,1.01
Ribeira Grande,100,PT,1615070566,95,38.5167,-28.7,62.1,10.13
Lüderitz,0,NA,1615070566,47,-26.6481,15.1594,71.01,13.22
Bengkulu,100,ID,1615070470,86,-3.8004,102.2655,73.36,7.31
Punta Arenas,0,CL,1615070458,54,-53.15,-70.9167,51.8,31.07
Dover,90,US,1615070577,45,39.1582,-75.5244,41.0,9.22
Pyaozerskiy,100,RU,1615070559,96,65.8333,31.1667,18.75,14.81
Jiazi,95,CN,1615070713,86,22.8779,116.067,64.92,17.58
Mataura,64,NZ,1615070460,84,-46.1927,168.8643,54.0,13.0
Butaritari,48,KI,1615070466,80,3.0707,172.7902,80.29,13.47
Araouane,56,ML,1615070713,13,18.9048,-3.5265,85.89,10.16
Beloha,0,MG,1615070581,91,-25.1667,45.05,70.07,3.44
Chokurdakh,100,RU,1615070472,89,70.6333,147.9167,-12.24,14.81
Kruisfontein,1,ZA,1615070485,68,-34.0033,24.7314,69.01,4.0
East London,10,ZA,1615070308,82,-33.0153,27.9116,69.87,6.4
Philadelphia,90,US,1615070713,44,39.9523,-75.1638,37.4,13.8
Mount Gambier,100,AU,1615070480,82,-37.8333,140.7667,55.4,4.61
Cockburn Town,0,TC,1615070413,70,21.4612,-71.1419,78.35,5.91
Kimbe,99,PG,1615070180,85,-5.5502,150.1429,78.03,3.22
Kapaa,90,US,1615070460,88,22.0752,-159.319,70.0,26.46
Hilo,90,US,1615070465,83,19.7297,-155.09,72.0,12.66
Assiut,0,EG,1615070543,58,27.181,31.1837,57.2,11.5
Makkah al Mukarramah,0,SA,1615070476,40,21.4267,39.8261,76.98,3.11
Cherskiy,100,RU,1615070469,89,68.75,161.3,-12.55,5.68
Mnogovershinnyy,6,RU,1615070339,87,53.9353,139.9242,-10.77,6.62
Port Elizabeth,0,ZA,1615070474,83,-33.918,25.5701,68.0,17.27
Codrington,97,AU,1615070203,68,-38.2667,141.9667,60.94,6.15
Bethel,98,US,1615070485,54,41.3712,-73.414,28.0,8.46
Talaya,97,RU,1615070561,84,61.3833,152.75,-17.16,2.17
Qaanaaq,0,GL,1615070466,67,77.484,-69.3632,-15.12,6.15
Klyuchi,100,RU,1615070231,97,52.2667,79.1667,22.44,11.01
Port Hedland,40,AU,1615070492,94,-20.3167,118.5667,77.0,6.91
Disna,100,BY,1615070714,92,55.568,28.1971,31.15,21.52
Adrar,2,MR,1615070473,30,20.5022,-10.0711,69.75,14.12
Ola,89,RU,1615070234,78,59.5833,151.2833,-10.46,4.32
Port Alfred,7,ZA,1615070468,89,-33.5906,26.891,69.01,8.01
Hambantota,0,LK,1615070489,100,6.1241,81.1185,73.4,2.3
Maningrida,67,AU,1615070185,84,-12.0667,134.2667,81.81,11.86
Longyearbyen,20,SJ,1615070221,66,78.2186,15.6401,3.2,17.27
Los Palacios,52,CU,1615070715,66,22.5872,-83.2486,75.29,3.33
Thompson,40,CA,1615070484,45,55.7435,-97.8558,42.8,11.5
Buin,0,CL,1615070715,44,-33.7333,-70.75,80.6,6.91
Maumere,80,ID,1615070715,77,-8.6199,122.2111,80.11,0.96
Awjilah,0,LY,1615070715,23,29.1081,21.2869,65.97,9.17
Milak,1,IN,1615070715,29,28.6167,79.1833,61.65,5.41
Bathsheba,20,BB,1615070182,65,13.2167,-59.5167,78.8,17.27
Port Macquarie,56,AU,1615070575,71,-31.4333,152.9167,72.0,2.53
Bambous Virieux,75,MU,1615070492,78,-20.3428,57.7575,81.0,11.5
Barrow,1,US,1615070462,65,71.2906,-156.7887,-5.8,9.22
Upernavik,100,GL,1615070466,88,72.7868,-56.1549,-9.67,10.25
Hithadhoo,65,MV,1615070461,74,-0.6,73.0833,82.76,7.58
Turukhansk,100,RU,1615070716,96,65.8167,87.9833,11.5,7.52
Cidreira,0,BR,1615070496,71,-30.1811,-50.2056,70.93,7.7
Abhā,0,SA,1615070454,54,18.2164,42.5053,60.8,6.91
Biltine,0,TD,1615070567,19,14.5333,20.9167,72.64,9.57
Salalah,0,OM,1615070058,69,17.0151,54.0924,75.2,3.44
Puerto Ayora,75,EC,1615070479,83,-0.7393,-90.3518,80.6,9.22
Hamilton,1,US,1615070305,27,39.1834,-84.5333,46.4,12.66
Nanortalik,100,GL,1615070493,93,60.1432,-45.2371,33.4,7.9
Bluff,77,NZ,1615070470,84,-46.6,168.3333,54.0,13.0
Chhor,0,PK,1615070716,83,25.5167,69.7667,68.59,11.59
Kovdor,100,RU,1615070525,95,67.5662,30.4758,13.77,12.19
Avera,90,US,1615070224,43,33.194,-82.5271,53.6,8.05
Zhanakorgan,100,KZ,1615070717,75,43.9098,67.2495,38.35,9.57
Shingū,72,JP,1615070225,55,33.7333,135.9833,49.37,5.32
La Romana,40,DO,1615070216,78,18.4273,-68.9728,80.6,8.05
Sørland,92,NO,1615070206,87,67.667,12.6934,32.31,28.3
Ailigandí,44,PA,1615070717,78,9.2333,-78.0167,79.63,13.8
Tigil',70,RU,1615070437,87,57.8,158.6667,-19.57,3.13
Ust'-Ilimsk,100,RU,1615070717,94,58.0006,102.6619,25.21,12.28
Bida,0,NG,1615070717,25,9.0833,6.0167,86.61,1.63
Hermanus,1,ZA,1615070461,80,-34.4187,19.2345,64.99,1.99
Nizwá,0,OM,1615070342,28,22.9333,57.5333,67.19,2.15
Ouadda,5,CF,1615070717,18,8.0777,22.4007,74.89,6.35
Hasaki,75,JP,1615070474,65,35.7333,140.8333,42.8,10.36
Khovd,3,MN,1615070348,55,48.0056,91.6419,18.05,4.94
Wanlaweyn,100,SO,1615070515,83,2.6185,44.8938,71.62,8.43
Boda,31,CF,1615070718,21,4.3189,17.4695,75.0,2.98
La Baule-Escoublac,0,FR,1615070718,65,47.2922,-2.364,37.4,6.91
Geraldton,0,AU,1615070481,94,-28.7667,114.6,64.4,5.75
Severo-Kuril'sk,99,RU,1615070472,90,50.6789,156.125,13.96,31.7
San José de Tarros,40,HN,1615070718,62,15.3,-88.7,86.0,4.61
Constitución,20,CL,1615070456,84,-35.3333,-72.4167,60.6,7.25
Kiryat Gat,0,IL,1615070102,84,31.61,34.7642,54.0,4.27
Ürümqi,90,CN,1615070172,93,43.801,87.6005,26.6,2.24
Kaitangata,58,NZ,1615070474,73,-46.2817,169.8464,55.99,1.99
Tiksi,100,RU,1615070471,87,71.6872,128.8694,-18.17,6.67
Pevek,100,RU,1615070474,88,69.7008,170.3133,-17.97,12.84
Sri Aman,99,MY,1615070718,100,1.2376,111.4621,75.2,3.44
Abu Dhabi,0,AE,1615070597,68,24.4667,54.3667,69.8,11.5
Cape Town,0,ZA,1615070291,77,-33.9258,18.4232,66.0,2.3
Xihe,48,CN,1615070718,82,31.6864,113.4659,36.01,5.75
Sikonge,90,TZ,1615070719,94,-5.6333,32.7667,68.0,6.91
Kāmthi,17,IN,1615070719,21,21.2333,79.2,70.07,4.36
Ranong,19,TH,1615070643,88,9.9658,98.6348,72.81,4.21
Nuuk,90,GL,1615070404,80,64.1835,-51.7216,32.0,14.97
Saint-Louis,0,SN,1615070719,20,16.3333,-15.0,86.0,2.3
Goderich,0,CA,1615070708,54,43.7501,-81.7165,26.6,10.36
Luga,100,RU,1615070509,98,58.7372,29.8453,32.02,14.79
Farafenni,5,GM,1615070719,28,13.5667,-15.6,76.39,6.44
Lorengau,59,PG,1615070575,72,-2.0226,147.2712,83.97,6.02
Kualakapuas,20,ID,1615070720,100,-3.0091,114.3876,73.4,4.61
Bilma,0,NE,1615070229,20,18.6853,12.9164,69.17,1.95
Fairbanks,90,US,1615070101,85,64.8378,-147.7164,10.99,3.44
Vila Franca do Campo,75,PT,1615070561,100,37.7167,-25.4333,59.0,11.5
Mosquera,75,CO,1615070584,77,4.7059,-74.2302,60.8,11.5
Saldanha,0,ZA,1615070502,77,-33.0117,17.9442,64.4,1.14
Archidona,98,ES,1615070720,95,37.0965,-4.3887,59.0,0.43
Igurubi,100,TZ,1615070720,87,-4.0,33.7,68.5,9.75
Enumclaw,100,US,1615070721,69,47.2043,-121.9915,51.01,5.99
Vardø,100,NO,1615070511,95,70.3705,31.1107,27.81,21.85
Sooke,99,CA,1615070721,75,48.3746,-123.7276,48.99,13.8
Calibutbut,40,PH,1615070721,83,15.1114,120.6053,73.4,2.3
Dhidhdhoo,0,MV,1615070521,60,6.8833,73.1,81.88,5.21
Kaduna,14,NG,1615070721,18,10.5222,7.4383,76.8,7.27
Lebedinyy,95,RU,1615070721,90,58.5167,125.5167,-1.66,9.6
Lubbeek,10,BE,1615070721,69,50.8828,4.839,33.8,3.44
Boddam,90,GB,1615070721,81,57.4667,-1.7833,41.0,4.61
Villa María,0,AR,1615070187,71,-32.4075,-63.2402,79.0,7.72
Souillac,75,MU,1615070571,78,-20.5167,57.5167,80.6,11.5
Nosivka,0,UA,1615070722,92,50.9315,31.5828,17.73,8.14
Kargasok,98,RU,1615070591,95,59.0556,80.8572,12.63,14.14
Richards Bay,99,ZA,1615070505,77,-28.783,32.0377,72.75,4.88
Bilibino,100,RU,1615070513,84,68.0546,166.4372,-17.64,5.61
Lebu,24,CL,1615070524,88,-37.6167,-73.65,61.23,6.46
Neryungri,96,RU,1615070723,82,56.6709,124.6491,-10.64,2.89
Chui,15,UY,1615070465,80,-33.6971,-53.4616,65.57,5.79
Narsaq,75,GL,1615070723,42,60.9167,-46.05,42.8,9.22
Afuá,100,BR,1615070724,92,-0.1567,-50.3867,76.55,5.14
Emerald,40,AU,1615070724,65,-23.5333,148.1667,82.4,13.8
Antalaha,98,MG,1615070483,70,-14.9003,50.2788,77.4,4.61
Airai,91,TL,1615070585,99,-8.9266,125.4092,63.12,1.72
São Filipe,27,CV,1615070480,75,14.8961,-24.4956,71.26,11.52
Macao,75,MO,1615070724,94,22.2006,113.5461,69.8,9.22
Saint Paul Harbor,1,US,1615070461,43,57.79,-152.4072,30.2,32.21
Tura,0,IN,1615070714,66,25.5198,90.2201,64.74,6.04
Laguna,1,US,1615070367,44,38.421,-121.4238,62.01,6.91
Río Gallegos,20,AR,1615070475,16,-51.6226,-69.2181,64.4,24.16
Páez,75,CO,1615070725,72,5.1011,-73.0512,69.94,1.59
‘Āhuimanu,90,US,1615070564,88,21.4447,-157.8378,75.2,13.8
Buraidah,0,SA,1615070203,47,26.326,43.975,57.2,5.75
Timrå,40,SE,1615070725,46,62.487,17.3257,27.0,13.8
Nikolskoye,75,RU,1615070483,93,59.7035,30.7861,32.0,17.9
Dikson,100,RU,1615070465,88,73.5069,80.5464,-22.22,10.33
Murillo,40,CO,1615070725,54,4.8739,-75.1715,80.6,3.44
Nelson Bay,51,AU,1615070373,82,-32.7167,152.15,70.0,5.75
Mar del Plata,0,AR,1615070320,72,-38.0023,-57.5575,66.99,9.22
Longjiang,0,CN,1615070726,85,47.3303,123.1836,17.08,8.19
College,75,US,1615070346,72,64.8569,-147.8028,10.99,0.89
Faya,0,SA,1615070517,54,18.3851,42.4509,60.8,6.91
Walvis Bay,7,NA,1615069997,77,-22.9575,14.5053,64.4,6.91
Margate,0,GB,1615070726,60,51.3813,1.3862,39.0,1.99
Hereford,0,GB,1615070726,80,52.0568,-2.7148,30.99,1.52
Coyhaique,75,CL,1615070209,48,-45.5752,-72.0662,64.4,11.5
Bowen,90,AU,1615070342,88,-20.0167,148.2333,77.0,2.3
Utinga,40,BR,1615070727,78,-5.8172,-35.3954,80.6,5.75
Saint-François,6,FR,1615070727,93,46.4154,3.9054,37.0,1.14
Ulagan,10,RU,1615070727,75,50.6321,87.9563,5.43,3.29
Westport,75,US,1615070219,37,41.1415,-73.3579,32.0,12.66
Soto la Marina,0,MX,1615070727,50,23.7667,-98.2167,73.0,14.0
Bonavista,86,CA,1615070728,80,48.6499,-53.1147,28.99,8.05
Conselheiro Pena,70,BR,1615070728,75,-19.1722,-41.4722,78.8,1.19
Olinda,40,BR,1615070377,69,-8.0089,-34.8553,80.6,6.91
Chapais,90,CA,1615070214,72,49.7834,-74.8492,5.0,13.8
Nyurba,99,RU,1615070484,93,63.2842,118.3319,-0.54,2.33
Henties Bay,0,NA,1615070565,66,-22.116,14.2845,68.92,3.96
Yulara,28,AU,1615070199,61,-25.2406,130.9889,77.0,6.91
Cabedelo,0,BR,1615070367,89,-6.9811,-34.8339,78.8,5.75
Imbituba,75,BR,1615070357,78,-28.24,-48.6703,75.2,11.5
Yurla,86,RU,1615070728,92,59.3259,54.3223,-2.76,3.38
Belmonte,0,BR,1615070505,78,-15.8631,-38.8828,78.8,14.97
Yārāda,24,IN,1615070728,100,17.65,83.2667,75.2,3.44
Kaeo,100,NZ,1615070520,71,-35.1,173.7833,69.01,5.99
Vila Velha,40,BR,1615070480,78,-20.3297,-40.2925,84.99,5.75
Vyartsilya,80,RU,1615070729,90,62.1764,30.693,16.39,9.15
Faanui,97,PF,1615070729,69,-16.4833,-151.75,83.25,12.21
Voinka,0,UA,1615070729,88,45.8699,33.9914,29.34,6.96
Bukama,100,CD,1615070479,94,-9.2,25.85,69.69,2.24
Verāval,0,IN,1615070183,80,20.9,70.3667,73.45,9.46
Acapulco de Juárez,1,MX,1615070483,70,16.8634,-99.8901,84.2,8.05
Porto-Novo,87,BJ,1615070463,81,6.4965,2.6036,81.75,11.79
Makakilo City,1,US,1615070484,54,21.3469,-158.0858,80.6,11.5
Caruray,40,PH,1615070730,83,10.3094,119.0128,77.0,9.22
Pacific Grove,1,US,1615070178,62,36.6177,-121.9166,57.2,10.36
Piney Green,1,US,1615070730,19,34.716,-77.3202,51.8,9.22
Nouadhibou,0,MR,1615070467,52,20.931,-17.0347,68.0,24.16
Babu,21,CN,1615070730,82,24.4167,111.5167,55.53,5.03
Palembang,98,ID,1615070194,95,-2.9167,104.7458,71.69,6.26
San Patricio,75,US,1615070607,55,28.017,-97.5169,66.99,12.66
Santa Maria,0,BR,1615070181,73,-29.6842,-53.8069,71.6,4.61
Naifaru,0,MV,1615070731,63,5.4444,73.3657,82.26,5.39
Tuktoyaktuk,90,CA,1615070347,78,69.4541,-133.0374,-2.2,10.36
Laas,0,IT,1615070483,80,46.6166,10.7002,37.99,3.44
Moroni,100,KM,1615070731,73,-11.7022,43.2551,80.62,10.94
Okha,0,RU,1615070424,87,53.5739,142.9478,-9.26,14.47
Isangel,30,VU,1615070504,76,-19.55,169.2667,80.46,11.77
Ostrovnoy,100,RU,1615070731,93,68.0531,39.5131,7.12,14.2
Kamenka,69,RU,1615070570,96,51.3223,42.7678,10.51,9.26
Jiuquan,0,CN,1615070200,82,39.7432,98.5174,31.59,1.25
Saýat,90,TM,1615070731,93,38.7839,63.8803,41.0,6.91
Bacalar,40,MX,1615070731,62,18.6667,-88.3833,87.01,10.36
Kalmunai,64,LK,1615070231,87,7.4167,81.8167,77.63,4.18
Port-Gentil,20,GA,1615070212,94,-0.7193,8.7815,77.0,3.44
Catherinas Lust,96,GY,1615070732,83,6.4,-57.6,78.71,12.55
Taoudenni,0,ML,1615070225,18,22.6783,-3.9836,75.6,11.39
Derzhavīnsk,100,KZ,1615070732,98,51.1,66.3167,23.18,5.28
Ahipara,100,NZ,1615070563,61,-35.1667,173.1667,68.63,13.85
Meadow Lake,20,US,1615070732,20,34.8014,-106.5436,64.0,9.22
Saint-Augustin,100,CA,1615070468,97,51.226,-58.6502,19.9,10.18
Sirte,0,LY,1615070223,79,31.2089,16.5887,61.16,5.08
Sumbe,99,AO,1615070732,81,-11.2061,13.8437,79.43,3.96
Khatanga,61,RU,1615070467,86,71.9667,102.5,-21.41,10.38
Coahuayana Viejo,1,MX,1615070564,65,18.7333,-103.6833,78.8,6.58
Kirkland Lake,52,CA,1615070486,45,48.1446,-80.0377,15.8,7.87
Caibarién,40,CU,1615070732,39,22.5206,-79.4669,86.0,14.97
Opuwo,8,NA,1615070370,45,-18.0607,13.84,69.48,4.59
Fortuna,20,US,1615070581,58,40.5982,-124.1573,55.0,10.36
Newcastle,68,AU,1615070474,82,-32.9272,151.7765,75.99,5.75
Lagoa,100,PT,1615070501,97,39.05,-27.9833,60.51,17.9
Novo Aripuanã,94,BR,1615070733,95,-5.1206,-60.3797,76.87,1.41
Kaka,8,TM,1615070490,84,37.3482,59.6143,40.73,6.29
Novoagansk,92,RU,1615070733,94,61.9449,76.6625,0.79,6.91
Freetown,51,SL,1615070733,85,8.484,-13.2299,77.9,8.25
Burnie,77,AU,1615070523,80,-41.0667,145.9167,60.01,3.0
Cap Malheureux,95,MU,1615070733,78,-19.9842,57.6142,81.0,5.99
Acaraú,86,BR,1615070230,80,-2.8856,-40.12,80.08,13.29
Provideniya,94,RU,1615070566,88,64.3833,-173.3,-0.87,8.03
Vestmannaeyjar,99,IS,1615070566,76,63.4427,-20.2734,40.86,6.67
Safonovo,93,RU,1615070733,97,55.15,33.2167,22.53,17.09
Nicoya,0,CR,1615070057,31,10.1483,-85.452,91.4,19.57
Elverum,86,NO,1615070733,86,60.8819,11.5623,25.61,7.38
Ruidoso,1,US,1615070689,32,33.3317,-105.673,51.8,10.36
Yellowknife,90,CA,1615070384,93,62.456,-114.3525,17.6,11.5
Port Hardy,90,CA,1615070483,81,50.6996,-127.4199,44.6,4.61
Galesong,20,ID,1615070734,100,-5.3166,119.3661,73.4,4.61
Rassvet,71,RU,1615070523,93,46.8333,40.75,27.27,11.34
Gornozavodsk,98,RU,1615070734,92,58.3758,58.3211,-3.51,3.02
Cabo San Lucas,20,MX,1615070484,50,22.8909,-109.9124,75.99,8.05
Pochutla,40,MX,1615070190,58,15.7432,-96.4661,87.01,11.5
Bonoua,20,CI,1615070191,89,5.2741,-3.595,82.4,6.91
Yaan,48,NG,1615070475,33,7.3833,8.5667,84.16,10.87
Leningradskiy,94,RU,1615070505,79,69.3833,178.4167,-15.79,3.09
Tabory,71,RU,1615070734,92,58.5198,64.5495,-1.37,5.44
Carnarvon,0,AU,1615070482,100,-24.8667,113.6333,75.2,9.22
Saint Anthony,1,US,1615070473,29,45.0205,-93.218,48.2,9.22
Mount Isa,0,AU,1615070224,61,-20.7333,139.5,78.8,5.75
Namatanai,100,PG,1615070573,78,-3.6667,152.4333,81.7,6.38
Arrondissement de Saint-Malo,0,FR,1615070734,81,48.5,-1.8333,37.4,6.91
Norman Wells,90,CA,1615070734,72,65.282,-126.8329,6.8,16.11
Chara,76,RU,1615070188,81,56.9064,118.2631,-3.1,2.86
Gemena,71,CD,1615070734,59,3.25,19.7667,74.82,3.89
Lompoc,20,US,1615070215,63,34.6391,-120.4579,60.8,18.41
Los Llanos de Aridane,0,ES,1615070525,72,28.6585,-17.9182,64.4,21.85
Porangatu,92,BR,1615070735,87,-13.4408,-49.1486,73.9,0.36
Khandyga,5,RU,1615070220,81,62.6667,135.6,-34.42,2.15
Chūru,19,IN,1615070680,28,28.3,74.95,72.43,9.75
Beira,20,MZ,1615070735,83,-19.8436,34.8389,78.8,6.91
Agde,90,FR,1615070735,87,43.3108,3.4758,51.01,1.14
Meulaboh,99,ID,1615070735,87,4.1363,96.1285,75.24,2.08
Kismayo,74,SO,1615070506,84,-0.3582,42.5454,77.32,15.19
Chany,0,RU,1615070736,93,55.3121,76.7647,3.06,8.57
Esperance,90,AU,1615070582,100,-33.8667,121.9,64.4,7.52
Maraã,78,BR,1615070370,89,-1.8333,-65.3667,77.18,2.37
San Felipe,99,VE,1615070596,90,10.3399,-68.7425,73.4,6.6
Smirnykh,45,RU,1615070736,89,49.75,142.8333,1.36,1.48
Saint George,1,US,1615070591,10,37.1041,-113.5841,75.2,18.41
Haines Junction,99,CA,1615070229,50,60.7522,-137.5108,23.0,2.3
Chicama,20,PE,1615070216,83,-7.8447,-79.1469,77.0,11.5
Tonekābon,0,IR,1615070736,46,36.8163,50.8738,48.2,2.3
Monkey Bay,100,MW,1615070736,84,-14.0728,34.9201,75.63,17.31
Klaksvík,90,FO,1615070579,100,62.2266,-6.589,41.0,5.75
Kemin,100,KG,1615070737,84,42.7846,75.6892,32.72,1.74
Kabirwala,20,PK,1615070737,64,30.4068,71.8667,69.8,4.61
Aklavik,90,CA,1615070504,78,68.2191,-135.0107,1.4,8.05
Portland,75,US,1615070292,71,45.5234,-122.6762,53.01,5.75
Port Lincoln,99,AU,1615070607,69,-34.7333,135.8667,67.28,6.42
Saquarema,75,BR,1615070219,83,-22.92,-42.5103,78.8,8.05
Cajamarca,75,PE,1615070660,80,-7.1638,-78.5003,58.01,3.44
Severnyy,75,RU,1615070737,80,50.677,36.5532,24.8,6.71
Gizo Government Station,86,SB,1615070737,73,-8.103,156.8419,83.3,7.18
Mazagão,90,BR,1615070737,94,-0.115,-51.2894,78.8,3.44
Nizhniy Kuranakh,97,RU,1615070737,90,58.8353,125.4869,0.05,3.44
Kumul,1,CN,1615070515,76,42.8,93.45,34.61,3.87
‘Ewa Beach,1,US,1615070434,54,21.3156,-158.0072,80.6,11.5
Paidha,54,UG,1615070737,51,2.4167,30.9855,70.92,2.21
Bandarbeyla,19,SO,1615070738,80,9.4942,50.8122,74.68,9.82
Gao,12,ML,1615070575,15,16.6362,1.637,81.61,7.54
Bongor,44,TD,1615070738,16,10.2806,15.3722,80.56,8.57
Lumphat,0,KH,1615070496,69,13.4878,106.9816,72.03,4.25
Haldia,41,IN,1615070738,88,22.0605,88.1097,68.9,3.71
Ugoofaaru,0,MV,1615070498,62,5.6667,73.0,82.2,4.61
Luanda,75,AO,1615070493,83,-8.8368,13.2343,75.2,4.61
Boa Vista,20,BR,1615070360,48,2.8197,-60.6733,89.6,9.22
Troitskoye,99,RU,1615070738,95,52.9821,84.6757,22.28,10.85
Alofi,100,NU,1615070495,79,-19.0595,-169.9187,84.2,8.05
Viedma,5,AR,1615070187,33,-40.8135,-62.9967,84.42,3.69
Sioux Lookout,40,CA,1615070589,30,50.1001,-91.917,35.6,3.44
Chāndbāli,29,IN,1615070739,87,20.7833,86.7667,67.06,6.31
Dunedin,8,NZ,1615070564,62,-45.8742,170.5036,59.0,18.99
Mwinilunga,100,ZM,1615070739,95,-11.7358,24.4293,63.07,4.61
Pundaguitan,6,PH,1615070199,76,6.3711,126.1689,79.29,10.6
Porto Santo,40,PT,1615070335,72,33.072,-16.3415,60.8,17.27
Am Timan,25,TD,1615070609,17,11.0297,20.2827,78.17,8.46
Samarai,30,PG,1615070739,72,-10.6167,150.6667,82.53,9.08
Santiago del Estero,0,AR,1615070558,38,-27.7951,-64.2615,80.73,3.13
Yumen,0,CN,1615070740,76,40.2833,97.2,30.07,1.05
Kemijärvi,100,FI,1615070190,96,66.7131,27.4306,18.57,14.7
Mouila,52,GA,1615070740,88,-1.8685,11.0559,73.4,0.49
Atkinson,20,US,1615070673,37,42.8384,-71.147,32.0,8.05
Bytów,99,PL,1615070740,76,54.1706,17.4919,37.99,8.01
Roald,90,NO,1615070510,55,62.5833,6.1333,35.6,18.41
Katsuura,93,JP,1615070503,61,35.1333,140.3,45.0,4.0
Ancud,90,CL,1615070235,100,-41.8697,-73.8203,62.01,11.5
Vershino-Darasunskiy,0,RU,1615070740,90,52.35,115.5167,-3.06,2.75
Subcetate,40,RO,1615070741,93,46.85,25.45,22.93,2.93
La Ronge,79,CA,1615070594,56,55.1001,-105.2842,44.6,3.44
Churapcha,0,RU,1615070741,83,62.0025,132.4325,-30.69,3.78
Byumba,40,RW,1615070741,88,-1.5763,30.0675,66.2,3.44
Chifeng,0,CN,1615070741,70,42.2683,118.9636,19.15,4.07
Kudahuvadhoo,23,MV,1615070219,73,2.6708,72.8944,82.15,11.23
Rāwah,39,IQ,1615070493,41,34.4816,41.9093,56.32,4.36
Moses Lake,1,US,1615069985,26,47.1301,-119.2781,55.4,9.22
Rio Grande,8,BR,1615070491,81,-32.035,-52.0986,70.0,9.75
Broome,90,US,1615070493,63,42.2506,-75.833,23.0,10.36
Ihosy,5,MG,1615070741,90,-22.4,46.1167,65.93,2.55
Honiara,100,SB,1615070130,71,-9.4333,159.95,83.48,3.27
Berlevåg,100,NO,1615070505,92,70.8578,29.0864,27.28,31.9
Praia,40,CV,1615070589,78,14.9215,-23.5087,69.8,20.71
Busovača,75,BA,1615070741,100,44.0975,17.8789,24.8,2.3
Manado,20,ID,1615070467,94,1.487,124.8455,73.4,1.14
Upala,0,CR,1615070742,31,10.8979,-85.0145,91.4,19.57
Kutum,0,SD,1615070180,25,14.2,24.6667,62.42,13.91
Martapura,20,ID,1615070742,100,-3.4167,114.85,73.4,4.61
Talnakh,97,RU,1615070223,91,69.4865,88.3972,-3.59,2.04
Tanete,27,ID,1615070742,85,-3.9443,119.7848,76.78,0.72
Senneterre,90,CA,1615070178,61,48.3835,-77.2328,10.4,12.66
Lang Son,100,VN,1615070412,70,21.8333,106.7333,64.78,7.25
Santa Rosa de Aguán,20,HN,1615070742,69,15.95,-85.7167,82.4,6.55
Carutapera,100,BR,1615070374,90,-1.195,-46.02,77.41,7.87
Poptún,9,GT,1615070743,50,16.3311,-89.4169,80.24,1.95
Oranjestad,20,AW,1615070366,69,12.524,-70.027,82.4,21.85
Manavālakurichi,58,IN,1615070573,78,8.1333,77.3,76.62,4.76
Rome,90,US,1615070303,79,43.2128,-75.4557,21.2,4.61
Vanimo,98,PG,1615070586,75,-2.6741,141.3028,80.71,5.82
San-Pédro,100,CI,1615070743,88,4.7485,-6.6363,77.61,5.19
Sydney,40,AU,1615070619,56,-33.8679,151.2073,72.0,6.91
Anadyr,0,RU,1615070596,68,64.75,177.4833,-25.01,4.63
Aykhal,97,RU,1615070495,91,66.0,111.5,-1.68,7.31
São Félix do Xingu,100,BR,1615070743,92,-6.6447,-51.995,72.0,1.23
Gondal,0,IN,1615070743,68,21.9667,70.8,66.18,7.11
Shimoda,98,JP,1615070601,74,34.6667,138.95,39.0,5.01
Nantucket,1,US,1615070631,47,41.2835,-70.0995,33.8,16.11
Ustka,100,PL,1615070744,78,54.5805,16.8619,37.83,27.27
Najrān,0,SA,1615070288,34,17.4924,44.1277,64.4,3.78
Bihać,0,BA,1615070744,92,44.8169,15.8708,29.66,1.74
Camacha,40,PT,1615070744,67,33.0833,-16.3333,60.8,16.11
Kavieng,99,PG,1615070493,74,-2.5744,150.7967,82.56,7.58
Ilula,75,TZ,1615070744,83,-7.6766,36.0366,68.0,2.04
Aquiraz,0,BR,1615070745,78,-3.9014,-38.3911,84.0,9.22
Vieques,40,PR,1615070745,65,18.425,-65.8329,82.4,10.36
Shakawe,1,BW,1615070442,65,-18.3667,21.85,67.57,2.26
Balikpapan,20,ID,1615070344,94,-1.2675,116.8289,77.0,4.61
Touros,40,BR,1615070183,78,-5.1989,-35.4608,80.6,5.75
Hay River,100,CA,1615070745,79,60.8156,-115.7999,17.6,3.44
Benguela,89,AO,1615070745,82,-12.5763,13.4055,77.83,4.79
Hoquiam,40,US,1615070745,66,46.9809,-123.8893,51.01,18.41
Mahon,40,ES,1615070745,87,39.8885,4.2658,50.0,5.75
Mezen',78,RU,1615070746,91,65.8522,44.24,-7.37,6.22
Clyde River,1,CA,1615070460,63,70.4692,-68.5914,-16.6,18.41
Mitsamiouli,100,KM,1615070746,79,-11.3847,43.2844,81.66,10.85
Xining,22,CN,1615070189,78,36.6167,101.7667,27.75,2.51
Dingle,100,PH,1615070611,85,10.9995,122.6711,74.84,7.54
Madang,100,PG,1615070195,85,-5.2246,145.7966,77.32,7.63
Lisiy Nos,75,RU,1615070746,93,60.0169,30.0201,33.01,15.66
Kamień Pomorski,90,PL,1615070746,70,53.9685,14.7726,39.99,10.36
Karlshamn,90,SE,1615070746,87,56.1706,14.8619,39.2,18.41
Swan River,88,CA,1615070747,53,52.1058,-101.2676,48.2,8.05
Rosetown,100,CA,1615070747,75,51.5501,-108.0014,37.99,5.75
Oussouye,0,SN,1615070747,88,12.485,-16.5469,75.2,9.22
Dauriya,0,RU,1615070747,91,49.9333,116.8667,2.41,4.92
Kedungwaru,80,ID,1615070747,86,-8.0667,111.9167,74.57,1.74
Guanare,23,VE,1615070747,62,9.0418,-69.7421,82.63,2.01
Port Blair,0,IN,1615070578,75,11.6667,92.75,77.5,2.13
Wangkui,34,CN,1615070464,91,46.8333,126.5,2.59,11.41
Zhigansk,97,RU,1615070439,86,66.7697,123.3711,-17.88,10.22
Buala,100,SB,1615070748,72,-8.145,159.5921,83.39,5.44
Katherine,40,AU,1615070569,83,-14.4667,132.2667,80.6,9.22
Yangjiang,29,CN,1615070470,77,21.85,111.9667,67.64,12.28
Sawākin,5,SD,1615070417,73,19.1059,37.3321,73.18,8.77
Dawei,0,MM,1615070578,63,14.0833,98.2,71.56,2.84
Kourou,75,GF,1615070748,94,5.1552,-52.6478,78.01,10.13
Araguari,75,BR,1615070542,88,-18.6472,-48.1872,69.8,6.91
Baft,0,IR,1615070748,50,29.234,56.6057,45.05,1.54
Mustafābād,60,PK,1615070748,22,30.8922,73.4989,70.84,11.95
Vellmar,0,DE,1615070748,86,51.3581,9.4797,32.0,2.3
Grindavik,75,IS,1615070227,100,63.8424,-22.4338,35.6,4.61
Arlit,74,NE,1615070199,15,18.7369,7.3853,80.26,10.89
Zhashkiv,0,UA,1615070748,95,49.2454,30.1102,21.42,8.21
Ust'-Barguzin,37,RU,1615070374,92,53.45,108.9833,8.58,6.11
Yar-Sale,98,RU,1615070600,91,66.8333,70.8333,-6.72,9.48
Cayenne,75,GF,1615070509,94,4.9333,-52.3333,78.01,13.87
Tual,96,ID,1615070350,75,-5.6667,132.75,82.98,18.12
Bondo,100,CD,1615070749,25,3.8146,23.6866,80.78,2.73
Pantai Remis,20,MY,1615070749,94,4.4557,100.6288,75.2,1.14
Gubkinskiy,97,RU,1615070749,92,64.434,76.5026,-3.96,10.13
Potsdam,90,DE,1615070749,81,52.3989,13.0657,37.99,10.36
Nome,90,US,1615070492,85,64.5011,-165.4064,10.99,10.36
Ust-Maya,87,RU,1615070749,84,60.4167,134.5333,-30.73,1.95
Vangaindrano,2,MG,1615070749,90,-23.35,47.6,73.85,9.82
Pala,62,TD,1615070749,16,9.3642,14.9046,79.93,6.62
Honningsvåg,100,NO,1615070749,91,70.9821,25.9704,30.29,28.07
Amahai,100,ID,1615070212,78,-3.3333,128.9167,77.68,6.29
Kargil,99,IN,1615070750,90,34.5667,76.1,12.06,1.68
Port Keats,99,AU,1615070750,74,-14.25,129.55,84.87,6.8
Ülenurme,90,EE,1615070750,100,58.3162,26.7252,34.0,17.27
Pak Phanang,33,TH,1615070445,81,8.3511,100.202,76.8,1.45
Wenatchee,75,US,1615070750,35,47.4235,-120.3103,53.01,6.91
Itupeva,40,BR,1615070750,88,-23.1531,-47.0578,73.99,4.61
Igrim,99,RU,1615070751,92,63.1906,64.4162,-4.43,4.99
Svetlaya,45,RU,1615070342,83,46.5389,138.3297,9.41,7.36
Pangai,75,TO,1615070358,84,-19.8,-174.35,84.2,2.3
Río Cuarto,0,AR,1615070197,69,-33.1307,-64.3499,80.6,13.8
Guymon,1,US,1615070499,24,36.6828,-101.4816,66.2,13.8
Chachapoyas,60,PE,1615070751,85,-6.2317,-77.869,60.13,1.95
Sur,0,OM,1615070476,44,22.5667,59.5289,76.08,2.77
Qaqortoq,75,GL,1615070751,42,60.7167,-46.0333,42.8,9.22
Vilyuysk,92,RU,1615070203,92,63.7553,121.6247,-6.0,4.54
North Vanlaiphai,3,IN,1615070751,57,23.1333,93.0667,46.49,3.11
Kirakira,100,SB,1615070219,77,-10.4544,161.9205,82.63,7.36
São João da Barra,75,BR,1615070192,74,-21.6403,-41.0511,82.4,5.75
Moscow,0,RU,1615070527,79,55.7522,37.6156,16.0,8.95
Talcahuano,0,CL,1615070230,77,-36.7167,-73.1167,64.4,8.05
Virginia Beach,20,US,1615070190,39,36.8529,-75.978,46.4,14.97
Kinablangan,5,PH,1615070752,81,7.6947,126.5503,76.55,5.35
Santo Domingo,3,DO,1615070752,100,18.5001,-69.9886,79.0,4.97
Tursunzoda,40,TJ,1615070752,87,38.5144,68.2333,41.0,2.24
Camopi,100,GF,1615070375,97,3.1655,-52.3158,72.3,3.58
Cairns,40,AU,1615070208,83,-16.9167,145.7667,80.6,4.61
Bhānpura,0,IN,1615070752,32,24.513,75.7469,76.62,8.23
Cap-aux-Meules,100,CA,1615070752,68,47.3821,-61.8597,21.2,13.8
Panama City,20,PA,1615070752,58,8.9936,-79.5197,87.8,13.8
Abong Mbang,27,CM,1615070752,63,3.9833,13.1833,71.82,5.19
Grand-Lahou,94,CI,1615070605,88,5.1367,-5.0242,79.68,7.67
Koslan,98,RU,1615070222,91,63.4564,48.8989,-7.78,3.13
Byron Bay,40,AU,1615070422,88,-28.65,153.6167,71.01,8.05
Dondo,20,MZ,1615070521,83,-19.6094,34.7431,78.8,6.91
Pueblo,1,US,1615070684,10,38.2545,-104.6091,71.6,8.05
Dicabisagan,51,PH,1615070753,78,17.0818,122.4157,75.0,1.34
Changchun,0,CN,1615070753,56,43.88,125.3228,8.6,8.95
Ojinaga,1,MX,1615070753,23,29.5667,-104.4167,69.8,8.05
North Bend,20,US,1615070371,58,43.4065,-124.2243,54.0,12.66
Batagay-Alyta,48,RU,1615070208,64,67.8006,130.4114,-25.71,2.71
Batamshinskiy,90,KZ,1615070477,93,50.5594,58.2747,24.8,2.24
Yoichi,75,JP,1615070753,93,43.2039,140.7703,21.2,6.91
The Valley,20,AI,1615070753,73,18.217,-63.0578,78.8,14.97
Deputatsky,100,RU,1615070578,85,69.3,139.9,-23.03,11.92
Seoul,75,KR,1615070142,75,37.5683,126.9778,35.6,3.44
Maunabo,9,PR,1615070754,87,18.0072,-65.8993,78.01,1.01
Sukhodol,84,RU,1615070754,91,53.9006,51.2117,3.76,0.63
Itaituba,40,BR,1615070754,74,-4.2761,-55.9836,84.2,1.32
San Juan,0,AR,1615070471,29,-31.5375,-68.5364,89.31,1.41
Altus,1,US,1615070754,32,34.6381,-99.334,64.4,11.5
Makat,100,KZ,1615070754,89,47.6469,53.3463,34.81,16.24
Vallenar,0,CL,1615070754,47,-28.5708,-70.7581,74.68,5.19
Quatre Cocos,75,MU,1615070482,78,-20.2078,57.7625,81.0,11.5
Garoowe,0,SO,1615070754,89,8.4054,48.4845,61.72,4.83
Sidrolândia,40,BR,1615070603,78,-20.9319,-54.9614,75.2,8.05
Thenali,0,IN,1615070479,92,16.2425,80.6398,70.32,1.19
Baraboo,1,US,1615070755,31,43.4711,-89.7443,46.4,1.03
Necochea,51,AR,1615070755,66,-38.5473,-58.7368,66.07,14.47
San Andrés,40,CO,1615070218,61,12.5847,-81.7006,82.4,10.36
Grand Gaube,92,MU,1615070378,78,-20.0064,57.6608,81.0,8.01
Salinas,1,US,1615070414,55,36.6777,-121.6555,60.8,12.66
Terrace,90,CA,1615070755,81,54.5163,-128.6035,37.4,10.36
Fallon,75,US,1615070755,19,39.4735,-118.7774,57.2,10.36
Matane,100,CA,1615070755,80,48.8286,-67.522,23.0,28.77
Waddān,0,LY,1615070204,45,29.1614,16.139,59.83,6.38
Semey,92,KZ,1615070756,93,50.4111,80.2275,16.41,6.64
Hargeisa,34,SO,1615070756,38,9.56,44.065,58.24,13.22
Karratha,64,AU,1615070565,70,-20.7377,116.8463,81.39,7.11
Te Anau,62,NZ,1615070598,63,-45.4167,167.7167,56.43,0.85
Bongaree,71,AU,1615070756,88,-27.0797,153.1586,72.0,1.01
Coos Bay,20,US,1615070236,58,43.3665,-124.2179,54.0,12.66
Itatiba,40,BR,1615070756,88,-23.0058,-46.8389,73.4,4.61
Gornopravdinsk,100,RU,1615070223,96,60.05,69.9,11.77,5.3
Lagunas,44,PE,1615070757,87,-5.2269,-75.6753,79.83,2.08
Malakal,0,SS,1615070757,14,9.5334,31.6605,85.57,9.71
Cody,40,US,1615070757,14,44.5263,-109.0565,60.8,20.71
Riachão,63,BR,1615070757,85,-7.3619,-46.6172,76.26,1.34
Sungai Penuh,100,ID,1615070225,97,-2.0833,101.3833,63.99,1.43
Sisimiut,98,GL,1615070587,94,66.9395,-53.6735,15.58,10.47
Casablanca,40,MA,1615070727,93,33.5928,-7.6192,59.0,4.61
Ketchikan,90,US,1615070182,70,55.3422,-131.6461,42.8,20.71
San Miguel de Cozumel,75,MX,1615070758,94,20.5083,-86.9458,75.99,6.91
Dundee,0,GB,1615070470,75,56.5,-2.9667,39.2,12.66
Coquimbo,20,CL,1615070541,68,-29.9533,-71.3436,69.8,12.66
Benghazi,0,LY,1615070758,61,32.1167,20.0667,63.07,7.14
Ambilobe,100,MG,1615070505,94,-13.2,49.05,74.16,4.18
Flinders,60,AU,1615070480,74,-34.5833,150.8552,69.01,1.99
Calama,20,CL,1615070336,38,-22.4667,-68.9333,73.4,25.32
Husavik,0,IS,1615070583,86,66.0449,-17.3389,30.2,10.18
Iqaluit,90,CA,1615070565,78,63.7506,-68.5145,-2.0,25.32
Asău,95,RO,1615070467,61,46.4333,26.4,28.99,3.06
Kostyantynivka,0,UA,1615070710,92,48.5277,37.7069,26.2,7.92
Caravelas,100,BR,1615070194,83,-17.7125,-39.2481,78.8,10.47
Tobermory,0,CA,1615070758,54,45.2501,-81.6665,26.6,14.97
Harper,99,LR,1615070428,85,4.375,-7.7169,78.87,4.97
Chipinge,76,ZW,1615070357,100,-20.1883,32.6236,61.14,3.11
Emirdağ,55,TR,1615070758,81,39.0197,31.15,38.52,3.33
Santana do Paraíso,46,BR,1615070759,87,-19.3636,-42.5686,72.64,1.52
Skjervøy,100,NO,1615070759,88,70.0311,20.9714,31.62,20.98
Karlivka,30,UA,1615070759,91,49.4567,35.1295,27.36,10.89
Cabiraoan,7,PH,1615070759,80,18.3238,122.086,74.53,5.53
Lavrentiya,96,RU,1615070496,87,65.5833,-171.0,-9.8,2.21
Novyy Urgal,93,RU,1615070759,87,51.0736,132.5642,-16.02,3.18
Sibolga,100,ID,1615070759,83,1.7427,98.7792,76.69,3.27
Mossamedes,39,AO,1615070494,79,-15.1961,12.1522,74.79,0.72
Skibbereen,20,IE,1615070759,80,51.55,-9.2667,33.8,5.75
Yangi Marg`ilon,100,UZ,1615070584,57,40.4272,71.7189,46.4,4.61
Shitanjing,35,CN,1615070604,77,39.2342,106.3439,33.17,6.06
Papetoai,75,PF,1615070759,66,-17.4961,-149.8729,87.01,4.61
Gigmoto,99,PH,1615070585,77,13.7796,124.39,77.31,9.82
